dataset,executed,runtime,checkpoint,precision,recall,f1
flights,0,79.79193115234375,81.72963190078735,0.8723404255319149,0.10539845758354756,0.18807339449541283
hospital,0,79.55329990386963,161.31001806259155,0.9364406779661016,0.5068807339449541,0.6577380952380952
hospital_2,0,107.36171412467957,268.69571685791016,-1.0,0.0,0.0
